1;teste1;testando@testando.com;1234;10/08/2001 00:00:00
2;paulito;paulito@gmail.com;12345;10/08/2001 00:00:00
3;isabel;isabel@gmail.com;1234;10/10/2001 00:00:00
4;cadastro;cadastro@gmail.com;1234;10/08/2001 00:00:00
5;andre;andre@gmail.com;1234;10/08/2001 00:00:00
6;contrato;gmail@gmail.com;1234;10/08/2001 00:00:00
7;mouse;kabum@gmail.com;1234;10/08/2001 00:00:00
8;computador;comra@gmail.com;1234;10/08/2001 00:00:00
